areaCode,areaName,areaType,date,cumCasesByPublishDate,cumPeopleVaccinatedFirstDoseByPublishDate,cumReinfectionsBySpecimenDateRate,cumTestsByPublishDate,cumVirusTestsByPublishDate
K02000001,United Kingdom,overview,2022-06-05,,53505425,,,
K02000001,United Kingdom,overview,2022-06-04,,53502797,,,
K02000001,United Kingdom,overview,2022-06-03,,53497176,,,
K02000001,United Kingdom,overview,2022-06-02,,53496143,,,
K02000001,United Kingdom,overview,2022-06-01,,53493877,,,
K02000001,United Kingdom,overview,2022-05-31,,53486907,,,
K02000001,United Kingdom,overview,2022-05-30,,53479257,,,
K02000001,United Kingdom,overview,2022-05-29,,53472488,,,
K02000001,United Kingdom,overview,2022-05-28,,53466470,,,
K02000001,United Kingdom,overview,2022-05-27,,53453902,,,
K02000001,United Kingdom,overview,2022-05-26,,53448710,,,
K02000001,United Kingdom,overview,2022-05-25,,53445102,,,
K02000001,United Kingdom,overview,2022-05-24,,53444716,,,
K02000001,United Kingdom,overview,2022-05-23,,53439970,,,
K02000001,United Kingdom,overview,2022-05-22,,53436647,,,
K02000001,United Kingdom,overview,2022-05-21,,53430128,,,
K02000001,United Kingdom,overview,2022-05-20,22238713,53413952,,,
K02000001,United Kingdom,overview,2022-05-19,22232377,53407449,1772.0,523004361,514605757
K02000001,United Kingdom,overview,2022-05-18,22220178,53398518,1770.2,522745542,514348647
K02000001,United Kingdom,overview,2022-05-17,22212395,53393153,1768.3,522511312,514116031
K02000001,United Kingdom,overview,2022-05-16,22203799,53387722,1766.2,522056356,513661886
K02000001,United Kingdom,overview,2022-05-15,22181462,53382948,1763.7,521749017,513355388
K02000001,United Kingdom,overview,2022-05-14,22181289,53372858,1761.8,521578327,513185360
K02000001,United Kingdom,overview,2022-05-13,22180207,53352396,1760.4,521412322,513019535
K02000001,United Kingdom,overview,2022-05-12,22173620,53344883,1758.8,521112763,512720955
K02000001,United Kingdom,overview,2022-05-11,22158820,53337395,1757.1,520833251,512442707
K02000001,United Kingdom,overview,2022-05-10,22150700,53330594,1754.9,520577785,512189858
K02000001,United Kingdom,overview,2022-05-09,22140287,53323370,1752.5,520260387,511874306
K02000001,United Kingdom,overview,2022-05-08,22114034,53317460,1749.9,519931477,511546063
K02000001,United Kingdom,overview,2022-05-07,22114034,53306798,1747.7,519743495,511358241
K02000001,United Kingdom,overview,2022-05-06,22114034,53282338,1746.1,519555322,511170340
K02000001,United Kingdom,overview,2022-05-05,22102983,53272750,1744.1,519277040,510893691
K02000001,United Kingdom,overview,2022-05-04,22090523,53264512,1741.7,518965114,510584503
K02000001,United Kingdom,overview,2022-05-03,22073858,53255432,1739.0,518665511,510287211
K02000001,United Kingdom,overview,2022-05-02,22038340,53247845,1735.8,518308135,509952985
K02000001,United Kingdom,overview,2022-05-01,22038340,53242209,1733.0,518051364,509696350
K02000001,United Kingdom,overview,2022-04-30,22038340,53230188,1731.2,517854849,509500003
K02000001,United Kingdom,overview,2022-04-29,22038340,53202723,1729.5,517650339,509296743
K02000001,United Kingdom,overview,2022-04-28,22025925,53191232,1727.4,517353077,509001604
K02000001,United Kingdom,overview,2022-04-27,22011920,53180153,1724.9,516995770,508646990
K02000001,United Kingdom,overview,2022-04-26,21994809,53170544,1722.1,516665927,508320214
K02000001,United Kingdom,overview,2022-04-25,21978198,53161003,1718.9,516258347,507971884
K02000001,United Kingdom,overview,2022-04-24,21933206,53152044,1715.0,515850154,507567827
K02000001,United Kingdom,overview,2022-04-23,21933206,53136420,1712.0,515605142,507322979
K02000001,United Kingdom,overview,2022-04-22,21933206,53104502,1709.6,515354593,507072685
K02000001,United Kingdom,overview,2022-04-21,21913483,53088681,1706.5,515004835,506725881
K02000001,United Kingdom,overview,2022-04-20,21890037,53071451,1702.8,514600471,506324804
K02000001,United Kingdom,overview,2022-04-19,21863944,53057035,1698.7,514216795,505944243
K02000001,United Kingdom,overview,2022-04-18,21747638,53041898,1693.4,513765456,505525976
K02000001,United Kingdom,overview,2022-04-17,21747638,53035858,1688.6,513401706,505162477
K02000001,United Kingdom,overview,2022-04-16,21747638,53031035,1685.1,513140676,504901805
K02000001,United Kingdom,overview,2022-04-15,21747638,53012870,1682.0,512882510,504643991
K02000001,United Kingdom,overview,2022-04-14,21747638,53001426,1678.4,512580923,504342817
K02000001,United Kingdom,overview,2022-04-13,21715116,52978585,1673.9,512163743,503928862
K02000001,United Kingdom,overview,2022-04-12,21679280,52959181,1668.6,511722118,503490002
K02000001,United Kingdom,overview,2022-04-11,21640901,52941680,1662.7,511278513,503049025
K02000001,United Kingdom,overview,2022-04-10,21549830,52925734,1656.0,510775158,502548014
K02000001,United Kingdom,overview,2022-04-09,21549830,52910458,1651.0,510448761,502221922
K02000001,United Kingdom,overview,2022-04-08,21549830,52885279,1646.4,510102005,501875620
K02000001,United Kingdom,overview,2022-04-07,21508546,52873079,1640.9,509627125,501403734
K02000001,United Kingdom,overview,2022-04-06,21461556,52861739,1634.1,509094199,500864142
K02000001,United Kingdom,overview,2022-04-05,21410305,52849370,1626.3,508510604,500295326
K02000001,United Kingdom,overview,2022-04-04,21359681,52837997,1617.9,507902196,499721291
K02000001,United Kingdom,overview,2022-04-03,21216874,52826860,1608.5,507284989,499105770
K02000001,United Kingdom,overview,2022-04-02,21216874,52819360,1601.6,506829301,498650315
K02000001,United Kingdom,overview,2022-04-01,21216874,52808470,1595.7,506391000,498212588
K02000001,United Kingdom,overview,2022-03-31,21147425,52803478,1587.9,505745305,497568904
K02000001,United Kingdom,overview,2022-03-30,21073009,52798443,1578.7,505034488,496861446
K02000001,United Kingdom,overview,2022-03-29,20986171,52792930,1565.7,504271332,496102957
K02000001,United Kingdom,overview,2022-03-28,20905515,52788065,1551.6,503450392,495326787
K02000001,United Kingdom,overview,2022-03-27,20691123,52783242,1534.6,502659493,494537059
K02000001,United Kingdom,overview,2022-03-26,20691123,52775615,1523.1,502062911,493940942
K02000001,United Kingdom,overview,2022-03-25,20691123,52764899,1513.4,501497888,493376904
K02000001,United Kingdom,overview,2022-03-24,20613817,52759213,1501.5,500743859,492626505
K02000001,United Kingdom,overview,2022-03-23,20515998,52754119,1487.6,499914588,491801216
K02000001,United Kingdom,overview,2022-03-22,20413731,52756382,1471.6,499052785,490942594
K02000001,United Kingdom,overview,2022-03-21,20319434,52751751,1454.7,498172678,490095083
K02000001,United Kingdom,overview,2022-03-20,20093762,52747246,1435.5,497303169,489226911
K02000001,United Kingdom,overview,2022-03-19,20093762,52740240,1422.3,496693504,488617775
K02000001,United Kingdom,overview,2022-03-18,20093762,52730003,1412.1,496092500,488018786
K02000001,United Kingdom,overview,2022-03-17,20001627,52725660,1400.3,495304892,487235139
K02000001,United Kingdom,overview,2022-03-16,19911155,52721459,1387.0,494442488,486379335
K02000001,United Kingdom,overview,2022-03-15,19820181,52717450,1372.3,493557578,485502164
K02000001,United Kingdom,overview,2022-03-14,19700952,52713188,1357.4,492666384,484653726
K02000001,United Kingdom,overview,2022-03-13,19530485,52708425,1341.1,491826648,483817024
K02000001,United Kingdom,overview,2022-03-12,19530485,52704574,1329.3,491218452,483209497
K02000001,United Kingdom,overview,2022-03-11,19530485,52696527,1320.2,490648384,482641943
K02000001,United Kingdom,overview,2022-03-10,19457976,52692089,1310.2,489909822,481907612
K02000001,United Kingdom,overview,2022-03-09,19373884,52687324,1299.4,489116841,481118480
K02000001,United Kingdom,overview,2022-03-08,19307014,52682128,1288.3,488331255,480339108
K02000001,United Kingdom,overview,2022-03-07,19245301,52677564,1277.6,487547668,479590328
K02000001,United Kingdom,overview,2022-03-06,19119181,52672968,1266.6,486771809,478818007
K02000001,United Kingdom,overview,2022-03-05,19119181,52668909,1259.4,486242109,478288790
K02000001,United Kingdom,overview,2022-03-04,19119181,52660741,1254.1,485736856,477786121
K02000001,United Kingdom,overview,2022-03-03,19074696,52654053,1248.1,485065522,477118994
K02000001,United Kingdom,overview,2022-03-02,19029321,52647706,1241.8,484271455,476330191
K02000001,United Kingdom,overview,2022-03-01,18985568,52640258,1235.0,483531510,475595940
K02000001,United Kingdom,overview,2022-02-28,18886701,52634448,1228.7,482805930,474909067
K02000001,United Kingdom,overview,2022-02-27,18804765,52628660,1222.3,482047986,474152327
K02000001,United Kingdom,overview,2022-02-26,18804765,52623819,1218.1,481512594,473617162
K02000001,United Kingdom,overview,2022-02-25,18804765,52614348,1214.9,481020476,473128066
K02000001,United Kingdom,overview,2022-02-24,18773164,52606239,1211.1,480370538,472483638
K02000001,United Kingdom,overview,2022-02-23,18734683,52598276,1206.8,479585592,471703270
K02000001,United Kingdom,overview,2022-02-22,18695448,52589291,1201.7,478788460,470912521
K02000001,United Kingdom,overview,2022-02-21,18654572,52581000,1196.0,478006868,470138540
K02000001,United Kingdom,overview,2022-02-20,18616433,52573589,1189.6,477111496,469246563
K02000001,United Kingdom,overview,2022-02-19,18585423,52568119,1184.6,476367388,468506011
K02000001,United Kingdom,overview,2022-02-18,18546205,52557346,1180.1,475759159,467899670
K02000001,United Kingdom,overview,2022-02-17,18499058,52551460,1175.6,475006823,467154594
K02000001,United Kingdom,overview,2022-02-16,18447706,52542206,1169.2,474017352,466172278
K02000001,United Kingdom,overview,2022-02-15,18393951,52531292,1162.0,472991060,465152203
K02000001,United Kingdom,overview,2022-02-14,18348029,52522201,1154.6,472031203,464202346
K02000001,United Kingdom,overview,2022-02-13,18306704,52514094,1146.9,471058590,463231369
K02000001,United Kingdom,overview,2022-02-12,18265918,52506600,1141.2,470229402,462403065
K02000001,United Kingdom,overview,2022-02-11,18220515,52491419,1136.3,469465023,461644969
K02000001,United Kingdom,overview,2022-02-10,18162199,52480344,1130.3,468481112,460666112
K02000001,United Kingdom,overview,2022-02-09,18000119,52468730,1122.6,467339805,459539539
K02000001,United Kingdom,overview,2022-02-08,17932803,52458207,1113.2,464021331,458312256
K02000001,United Kingdom,overview,2022-02-07,17866632,52447403,1102.9,462875310,457168642
K02000001,United Kingdom,overview,2022-02-06,17809459,52437297,1091.3,461587520,455933200
K02000001,United Kingdom,overview,2022-02-05,17752892,52428976,1082.5,460522871,454869018
K02000001,United Kingdom,overview,2022-02-04,17689885,52414182,1075.4,459628341,453975063
K02000001,United Kingdom,overview,2022-02-03,17607832,52399031,1066.6,458495884,452845767
K02000001,United Kingdom,overview,2022-02-02,17519708,52385688,1055.4,457150578,451503903
K02000001,United Kingdom,overview,2022-02-01,17428345,52373222,1042.5,455743684,450100099
K02000001,United Kingdom,overview,2022-01-31,17315893,52360487,1028.2,454478363,448837204
K02000001,United Kingdom,overview,2022-01-30,16478467,52345158,1012.2,453103828,447464621
K02000001,United Kingdom,overview,2022-01-29,16409459,52333474,999.4,451863725,446224899
K02000001,United Kingdom,overview,2022-01-28,16333980,52314528,989.5,450884589,445246327
K02000001,United Kingdom,overview,2022-01-27,16245474,52297579,977.7,449591133,444013809
K02000001,United Kingdom,overview,2022-01-26,16149319,52281873,963.8,448195530,442622213
K02000001,United Kingdom,overview,2022-01-25,16047716,52266515,947.8,446678099,441106298
K02000001,United Kingdom,overview,2022-01-24,15953685,52252579,931.1,445320093,439751984
K02000001,United Kingdom,overview,2022-01-23,15866316,52236574,912.2,443851257,438285453
K02000001,United Kingdom,overview,2022-01-22,15787937,52224308,897.7,442554913,436989552
K02000001,United Kingdom,overview,2022-01-21,15709059,52203930,887.0,441457617,435892918
K02000001,United Kingdom,overview,2022-01-20,15613283,52186398,874.5,440162425,434599554
K02000001,United Kingdom,overview,2022-01-19,15506750,52168592,860.6,438671516,433112073
K02000001,United Kingdom,overview,2022-01-18,15399300,52151643,845.0,437056598,431500707
K02000001,United Kingdom,overview,2022-01-17,15305410,52133611,828.2,435603681,430094827
K02000001,United Kingdom,overview,2022-01-16,15221366,52117863,809.5,434102531,428596485
K02000001,United Kingdom,overview,2022-01-15,15147099,52100163,796.2,432745047,427239440
K02000001,United Kingdom,overview,2022-01-14,15066395,52072754,786.3,431616373,426111374
K02000001,United Kingdom,overview,2022-01-13,14967817,52051876,774.8,430278990,424777727
K02000001,United Kingdom,overview,2022-01-12,14862138,52031355,761.6,428735668,423238676
K02000001,United Kingdom,overview,2022-01-11,14732594,52011835,747.1,427066281,421572577
K02000001,United Kingdom,overview,2022-01-10,14617314,51992559,731.0,425534718,420044529
K02000001,United Kingdom,overview,2022-01-09,14475192,51974605,712.4,423704813,418262366
K02000001,United Kingdom,overview,2022-01-08,14333794,51952400,699.2,421998975,416557034
K02000001,United Kingdom,overview,2022-01-07,14193228,51920711,686.4,420609308,415169757
K02000001,United Kingdom,overview,2022-01-06,14015065,51897289,668.9,418837156,413401519
K02000001,United Kingdom,overview,2022-01-05,13835334,51874548,642.1,416766097,411333198
K02000001,United Kingdom,overview,2022-01-04,13641520,51845518,608.1,414532832,409105238
K02000001,United Kingdom,overview,2022-01-03,13422815,51820652,565.9,412315619,406947110
K02000001,United Kingdom,overview,2022-01-02,13266431,51801494,530.8,410520532,405152510
K02000001,United Kingdom,overview,2022-01-01,13117469,51789045,504.4,409102602,403735149
K02000001,United Kingdom,overview,2021-12-31,12937886,51786768,488.6,407981020,402614146
K02000001,United Kingdom,overview,2021-12-30,12748050,51771384,462.9,406169402,400805749
K02000001,United Kingdom,overview,2021-12-29,12559926,51738013,430.2,404519256,399159125
K02000001,United Kingdom,overview,2021-12-28,12377822,51705406,394.5,402932171,397575348
K02000001,United Kingdom,overview,2021-12-27,12239797,51681547,367.1,401376024,396019658
K02000001,United Kingdom,overview,2021-12-26,12132098,51663356,343.2,399986274,394630524
K02000001,United Kingdom,overview,2021-12-25,12013153,51661421,329.8,398631199,393275833
K02000001,United Kingdom,overview,2021-12-24,11891292,51660466,322.2,397423002,392068045
K02000001,United Kingdom,overview,2021-12-23,11769921,51649696,305.7,395749681,390396129
K02000001,United Kingdom,overview,2021-12-22,11647473,51617091,285.5,393990015,388639571
K02000001,United Kingdom,overview,2021-12-21,11542143,51577782,265.3,392249465,386902564
K02000001,United Kingdom,overview,2021-12-20,11453121,51537827,247.2,390640143,385328649
K02000001,United Kingdom,overview,2021-12-19,11361387,51498034,232.0,389037378,383729036
K02000001,United Kingdom,overview,2021-12-18,11279428,51464883,222.4,387483337,382175489
K02000001,United Kingdom,overview,2021-12-17,11190354,51426554,213.2,386029961,380722690
K02000001,United Kingdom,overview,2021-12-16,11097851,51393664,202.9,384381445,379075582
K02000001,United Kingdom,overview,2021-12-15,11010286,51360987,191.7,382659706,377355424
K02000001,United Kingdom,overview,2021-12-14,10932545,51332920,180.3,380945652,375646047
K02000001,United Kingdom,overview,2021-12-13,10873468,51298838,170.7,379531607,374256449
K02000001,United Kingdom,overview,2021-12-12,10819515,51279167,164.2,378091303,372824177
K02000001,United Kingdom,overview,2021-12-11,10771444,51255850,161.2,376834925,371568237
K02000001,United Kingdom,overview,2021-12-10,10719165,51229559,158.8,375791269,370525124
K02000001,United Kingdom,overview,2021-12-09,10660981,51207496,156.3,374535525,369275494
K02000001,United Kingdom,overview,2021-12-08,10610958,51183457,153.7,373117102,367861438
K02000001,United Kingdom,overview,2021-12-07,10560341,51161757,151.3,371768638,366515890
K02000001,United Kingdom,overview,2021-12-06,10515239,51138245,149.2,370607005,365388255
K02000001,United Kingdom,overview,2021-12-05,10464389,51118266,147.3,369385026,364167425
K02000001,United Kingdom,overview,2021-12-04,10421104,51096311,146.3,368213727,362997940
K02000001,United Kingdom,overview,2021-12-03,10379647,51069397,145.3,367282001,362068867
K02000001,United Kingdom,overview,2021-12-02,10329074,51046133,144.3,366164439,360954849
K02000001,United Kingdom,overview,2021-12-01,10276007,51020285,143.2,364928232,359722125
K02000001,United Kingdom,overview,2021-11-30,10228772,50994257,142.0,363694272,358493063
K02000001,United Kingdom,overview,2021-11-29,10189059,50963718,140.8,362580755,357428163
K02000001,United Kingdom,overview,2021-11-28,10146915,50941327,139.5,361457828,356311334
K02000001,United Kingdom,overview,2021-11-27,10110408,50919834,138.7,360407219,355261105
K02000001,United Kingdom,overview,2021-11-26,10070841,50896026,138.1,359656486,354510790
K02000001,United Kingdom,overview,2021-11-25,10021497,50875712,137.3,358723895,353581090
K02000001,United Kingdom,overview,2021-11-24,9974843,50852133,136.4,357580328,352440949
K02000001,United Kingdom,overview,2021-11-23,9932408,50827554,135.4,356457390,351321833
K02000001,United Kingdom,overview,2021-11-22,9889926,50800732,134.4,355420826,350329785
K02000001,United Kingdom,overview,2021-11-21,9845492,50777474,133.4,354340119,349251129
K02000001,United Kingdom,overview,2021-11-20,9806034,50761050,132.8,353231300,348142753
K02000001,United Kingdom,overview,2021-11-19,9766153,50735037,132.1,352490226,347406053
K02000001,United Kingdom,overview,2021-11-18,9721916,50707953,131.4,351575322,346494772
K02000001,United Kingdom,overview,2021-11-17,9675058,50679073,130.5,350515525,345437503
K02000001,United Kingdom,overview,2021-11-16,9637190,50645981,129.6,349378665,344304598
K02000001,United Kingdom,overview,2021-11-15,9600369,50614550,128.6,348501219,343443637
K02000001,United Kingdom,overview,2021-11-14,9561099,50582504,127.6,347481461,342426198
K02000001,United Kingdom,overview,2021-11-13,9524971,50559566,127.0,346532250,341477382
K02000001,United Kingdom,overview,2021-11-12,9487302,50526039,126.4,345843488,340788998
K02000001,United Kingdom,overview,2021-11-11,9448402,50491701,125.7,344962457,339910948
K02000001,United Kingdom,overview,2021-11-10,9406001,50455318,124.8,343885877,338838230
K02000001,United Kingdom,overview,2021-11-09,9366676,50336130,124.0,342824821,337781037
K02000001,United Kingdom,overview,2021-11-08,9333891,50296294,123.1,341919719,336878496
K02000001,United Kingdom,overview,2021-11-07,9301909,50262735,122.2,340888587,335848920
K02000001,United Kingdom,overview,2021-11-06,9272066,50236895,121.6,339974021,334934728
K02000001,United Kingdom,overview,2021-11-05,9241916,50200147,121.1,339301013,334262157
K02000001,United Kingdom,overview,2021-11-04,9208219,50156656,120.5,338422402,333387020
K02000001,United Kingdom,overview,2021-11-03,9171660,50112925,119.8,337398375,332369950
K02000001,United Kingdom,overview,2021-11-02,9130857,50071683,119.1,336339180,331313584
K02000001,United Kingdom,overview,2021-11-01,9097311,50025020,118.4,335418343,330395729
K02000001,United Kingdom,overview,2021-10-31,9057629,49987325,117.5,334393091,329373127
K02000001,United Kingdom,overview,2021-10-30,9019962,49959923,116.8,333402220,328382728
K02000001,United Kingdom,overview,2021-10-29,8979236,49923871,116.3,332696026,327677037
K02000001,United Kingdom,overview,2021-10-28,8936155,49882904,115.6,331814730,326797974
K02000001,United Kingdom,overview,2021-10-27,8897149,49838202,114.8,330853986,325840111
K02000001,United Kingdom,overview,2021-10-26,8853227,49794120,114.0,329898346,324886748
K02000001,United Kingdom,overview,2021-10-25,8809774,49753037,113.3,329034171,324025418
K02000001,United Kingdom,overview,2021-10-24,8773674,49715228,112.4,328088300,323081925
K02000001,United Kingdom,overview,2021-10-23,8734934,49689481,111.8,327267380,322261299
K02000001,United Kingdom,overview,2021-10-22,8689949,49649389,111.3,326533033,321527398
K02000001,United Kingdom,overview,2021-10-21,8641221,49603139,110.5,325567671,320565882
K02000001,United Kingdom,overview,2021-10-20,8589737,49554407,109.7,324443749,319444189
K02000001,United Kingdom,overview,2021-10-19,8541192,49505327,108.9,323287166,318291416
K02000001,United Kingdom,overview,2021-10-18,8497868,49462425,108.0,322264759,317346255
K02000001,United Kingdom,overview,2021-10-17,8449165,49422753,106.9,321217930,316300455
K02000001,United Kingdom,overview,2021-10-16,8404469,49404916,106.3,320199413,315282455
K02000001,United Kingdom,overview,2021-10-15,8361651,49375917,105.7,319444965,314528425
K02000001,United Kingdom,overview,2021-10-14,8317439,49335154,105.0,318478424,313565019
K02000001,United Kingdom,overview,2021-10-13,8272883,49291665,104.2,317374640,312464505
K02000001,United Kingdom,overview,2021-10-12,8231437,49252939,103.4,316272145,311366001
K02000001,United Kingdom,overview,2021-10-11,8193769,49216092,102.5,315326613,310423078
K02000001,United Kingdom,overview,2021-10-10,8154306,49186920,101.7,314266853,309364795
K02000001,United Kingdom,overview,2021-10-09,8120713,49164814,101.1,313265578,308363743
K02000001,United Kingdom,overview,2021-10-08,8087005,49133419,100.6,312536286,307635004
K02000001,United Kingdom,overview,2021-10-07,8046390,49101734,99.9,311560229,306661886
K02000001,United Kingdom,overview,2021-10-06,8006660,49068705,99.3,310482886,305587735
K02000001,United Kingdom,overview,2021-10-05,7967985,49035877,98.6,309352710,304460986
K02000001,United Kingdom,overview,2021-10-04,7934936,48994530,97.9,308431072,303541545
K02000001,United Kingdom,overview,2021-10-03,7900680,48956859,97.2,307368387,302481057
K02000001,United Kingdom,overview,2021-10-02,7871014,48932736,96.7,306310862,301423993
K02000001,United Kingdom,overview,2021-10-01,7841625,48901670,96.3,305596880,300710541
K02000001,United Kingdom,overview,2021-09-30,7807036,48863490,95.9,304663842,299779343
K02000001,United Kingdom,overview,2021-09-29,7771294,48829118,95.3,303496074,298614617
K02000001,United Kingdom,overview,2021-09-28,7736235,48797579,94.7,302328714,297451237
K02000001,United Kingdom,overview,2021-09-27,7701715,48765726,94.1,301359564,296516865
K02000001,United Kingdom,overview,2021-09-26,7664230,48740807,93.3,300230149,295388426
K02000001,United Kingdom,overview,2021-09-25,7632353,48724823,92.7,299069112,294227597
K02000001,United Kingdom,overview,2021-09-24,7601487,48700527,92.3,298257276,293415922
K02000001,United Kingdom,overview,2021-09-23,7565867,48672910,91.7,297283009,292444021
K02000001,United Kingdom,overview,2021-09-22,7530103,48647827,90.9,295999884,291164011
K02000001,United Kingdom,overview,2021-09-21,7496543,48625148,90.3,294993358,290160217
K02000001,United Kingdom,overview,2021-09-20,7465448,48604764,89.6,293980326,289178600
K02000001,United Kingdom,overview,2021-09-19,7429746,48584614,88.8,292802760,288002034
K02000001,United Kingdom,overview,2021-09-18,7400739,48570774,88.3,291643544,286842953
K02000001,United Kingdom,overview,2021-09-17,7371301,48544576,87.8,290915850,286116735
K02000001,United Kingdom,overview,2021-09-16,7339009,48523798,87.3,289954683,285159258
K02000001,United Kingdom,overview,2021-09-15,7312683,48500747,86.8,288787027,283993251
K02000001,United Kingdom,overview,2021-09-14,7282810,48476345,86.3,287573266,282783355
K02000001,United Kingdom,overview,2021-09-13,7256559,48458700,85.7,286567512,281802924
K02000001,United Kingdom,overview,2021-09-12,7226276,48439272,85.0,285340411,280577464
K02000001,United Kingdom,overview,2021-09-11,7197662,48424317,84.6,284223362,279460705
K02000001,United Kingdom,overview,2021-09-10,7168806,48396404,84.2,283429523,278668417
K02000001,United Kingdom,overview,2021-09-09,7132072,48370340,83.6,282215362,277457293
K02000001,United Kingdom,overview,2021-09-08,7094592,48344566,83.0,280808950,276053608
K02000001,United Kingdom,overview,2021-09-07,7056106,48319435,82.3,279401544,274650038
K02000001,United Kingdom,overview,2021-09-06,7018927,48292811,81.5,278033671,273312830
K02000001,United Kingdom,overview,2021-09-05,6978126,48270113,80.7,276524640,271805895
K02000001,United Kingdom,overview,2021-09-04,6941611,48248318,80.1,275446062,270727582
K02000001,United Kingdom,overview,2021-09-03,6904969,48207264,79.6,274637319,269920226
K02000001,United Kingdom,overview,2021-09-02,6862904,48171998,78.9,273342705,268628005
K02000001,United Kingdom,overview,2021-09-01,6825074,48131996,78.0,272047353,267335603
K02000001,United Kingdom,overview,2021-08-31,6789581,48087908,77.2,270954409,266245648
K02000001,United Kingdom,overview,2021-08-30,6757650,48048009,76.3,269932003,265263969
K02000001,United Kingdom,overview,2021-08-29,6731423,48028366,75.7,269194912,264526973
K02000001,United Kingdom,overview,2021-08-28,6698486,48003976,75.2,268455323,263787584
K02000001,United Kingdom,overview,2021-08-27,6666399,47960705,74.7,267723894,263056327
K02000001,United Kingdom,overview,2021-08-26,6628709,47915768,74.1,266784078,262118600
K02000001,United Kingdom,overview,2021-08-25,6590747,47860628,73.4,265754477,261091369
K02000001,United Kingdom,overview,2021-08-24,6555200,47792552,72.7,264783666,260124171
K02000001,United Kingdom,overview,2021-08-23,6524581,47737142,71.9,263951408,259333814
K02000001,United Kingdom,overview,2021-08-22,6492906,47690741,71.2,263140215,258523307
K02000001,United Kingdom,overview,2021-08-21,6460930,47650396,70.7,262433099,257816480
K02000001,United Kingdom,overview,2021-08-20,6429147,47577390,70.2,261779880,257163628
K02000001,United Kingdom,overview,2021-08-19,6392160,47516505,69.6,260977408,256363927
K02000001,United Kingdom,overview,2021-08-18,6355887,47460526,68.9,260085596,255474654
K02000001,United Kingdom,overview,2021-08-17,6322241,47413242,68.1,259223794,254616543
K02000001,United Kingdom,overview,2021-08-16,6295613,47369418,67.2,258417590,253847169
K02000001,United Kingdom,overview,2021-08-15,6267437,47333702,66.5,257649130,253080192
K02000001,United Kingdom,overview,2021-08-14,6241011,47302445,66.1,256973471,252404699
K02000001,United Kingdom,overview,2021-08-13,6211868,47255842,65.7,256323842,251755451
K02000001,United Kingdom,overview,2021-08-12,6179506,47215352,65.1,255452217,250885774
K02000001,United Kingdom,overview,2021-08-11,6146800,47170968,64.5,254562563,249998028
K02000001,United Kingdom,overview,2021-08-10,6117540,47129400,63.8,253687994,249126834
K02000001,United Kingdom,overview,2021-08-09,6094243,47091889,63.2,252898750,248340187
K02000001,United Kingdom,overview,2021-08-08,6069362,47059639,62.5,252067807,247544035
K02000001,United Kingdom,overview,2021-08-07,6042252,47036796,62.1,251347922,246824236
K02000001,United Kingdom,overview,2021-08-06,6014023,46998806,61.6,250665379,246142244
K02000001,United Kingdom,overview,2021-08-05,5982581,46961830,61.0,249828246,245308362
K02000001,United Kingdom,overview,2021-08-04,5952756,46926330,60.4,248941285,244424880
K02000001,United Kingdom,overview,2021-08-03,5923820,46892996,59.8,248059629,243549623
K02000001,United Kingdom,overview,2021-08-02,5902354,46863706,59.2,247234097,242756549
K02000001,United Kingdom,overview,2021-08-01,5880667,46837614,58.5,246432417,241958330
K02000001,United Kingdom,overview,2021-07-31,5856528,46816382,58.1,245729051,241255511
K02000001,United Kingdom,overview,2021-07-30,5830774,46777556,57.7,245027154,240554458
K02000001,United Kingdom,overview,2021-07-29,5801561,46740832,57.2,244144118,239672864
K02000001,United Kingdom,overview,2021-07-28,5770928,46698479,56.6,243201104,238732364
K02000001,United Kingdom,overview,2021-07-27,5745526,46654632,56.0,242252097,237790004
K02000001,United Kingdom,overview,2021-07-26,5722298,46619230,55.4,241355429,236937727
K02000001,United Kingdom,overview,2021-07-25,5697912,46589211,54.8,240462383,236046348
K02000001,United Kingdom,overview,2021-07-24,5669260,46564660,54.3,239633451,235217628
K02000001,United Kingdom,overview,2021-07-23,5637975,46520855,53.9,238841442,234426238
K02000001,United Kingdom,overview,2021-07-22,5602321,46477881,53.4,237843903,233466417
K02000001,United Kingdom,overview,2021-07-21,5563006,46433845,52.9,236707624,232333011
K02000001,United Kingdom,overview,2021-07-20,5519602,46388744,52.2,235626272,231255460
K02000001,United Kingdom,overview,2021-07-19,5473477,46349709,51.4,234679158,230310971
K02000001,United Kingdom,overview,2021-07-18,5433939,46314039,50.4,233422658,229056914
K02000001,United Kingdom,overview,2021-07-17,5386340,46295853,49.8,232334092,227968523
K02000001,United Kingdom,overview,2021-07-16,5332371,46228636,49.2,231516966,227151798
K02000001,United Kingdom,overview,2021-07-15,5281098,46159145,48.2,230480736,226119011
K02000001,United Kingdom,overview,2021-07-14,5233207,46097464,47.0,229163550,224805181
K02000001,United Kingdom,overview,2021-07-13,5191459,46037090,45.9,227898923,223544147
K02000001,United Kingdom,overview,2021-07-12,5155243,45978017,45.0,226853575,222537230
K02000001,United Kingdom,overview,2021-07-11,5121245,45923721,44.2,225579015,221337725
K02000001,United Kingdom,overview,2021-07-10,5089893,45881721,43.7,224416254,220175231
K02000001,United Kingdom,overview,2021-07-09,5058093,45787958,43.2,223637677,219397305
K02000001,United Kingdom,overview,2021-07-08,5022893,45697875,42.6,222667632,218430277
K02000001,United Kingdom,overview,2021-07-07,4990916,45601445,42.0,221426435,217192774
K02000001,United Kingdom,overview,2021-07-06,4958868,45514492,41.2,220138267,215907514
K02000001,United Kingdom,overview,2021-07-05,4930534,45428681,40.5,219062112,214867442
K02000001,United Kingdom,overview,2021-07-04,4903434,45351719,39.8,217782690,213589874
K02000001,United Kingdom,overview,2021-07-03,4879616,45274497,39.3,216464249,212271637
K02000001,United Kingdom,overview,2021-07-02,4855169,45137108,38.8,215769633,211577252
K02000001,United Kingdom,overview,2021-07-01,4828463,45013503,38.3,214824236,210634196
K02000001,United Kingdom,overview,2021-06-30,4800907,44860978,37.6,213568769,209380191
K02000001,United Kingdom,overview,2021-06-29,4775301,44719762,37.0,212265400,208080102
K02000001,United Kingdom,overview,2021-06-28,4755078,44581771,36.4,211272955,207125177
K02000001,United Kingdom,overview,2021-06-27,4732434,44454511,35.7,210024750,205878320
K02000001,United Kingdom,overview,2021-06-26,4717811,44314799,35.2,208775295,204629255
K02000001,United Kingdom,overview,2021-06-25,4699868,44080358,34.9,208128475,203982757
K02000001,United Kingdom,overview,2021-06-24,4684572,43877861,34.4,207214032,203071159
K02000001,United Kingdom,overview,2021-06-23,4667870,43656327,34.0,206002444,201861237
K02000001,United Kingdom,overview,2021-06-22,4651988,43448680,33.5,204801683,200664744
K02000001,United Kingdom,overview,2021-06-21,4640507,43148843,33.0,203889564,199775423
K02000001,United Kingdom,overview,2021-06-20,4630040,43127763,32.6,202716559,198603734
K02000001,United Kingdom,overview,2021-06-19,4620968,42964013,32.4,201531946,197419673
K02000001,United Kingdom,overview,2021-06-18,4610893,42683772,32.2,200916207,196804211
K02000001,United Kingdom,overview,2021-06-17,4600623,42460632,31.8,200061474,195952860
K02000001,United Kingdom,overview,2021-06-16,4589814,42216654,31.5,198879877,194774739
K02000001,United Kingdom,overview,2021-06-15,4581006,42021089,31.2,197722516,193622784
K02000001,United Kingdom,overview,2021-06-14,4573419,41831056,30.8,196837379,192777138
K02000001,United Kingdom,overview,2021-06-13,4565813,41698429,30.5,195758448,191699496
K02000001,United Kingdom,overview,2021-06-12,4558494,41551201,30.3,194673872,190615900
K02000001,United Kingdom,overview,2021-06-11,4550944,41297016,30.2,194113530,190055831
K02000001,United Kingdom,overview,2021-06-10,4542986,41088485,29.9,193299131,189244120
K02000001,United Kingdom,overview,2021-06-09,4535754,40886878,29.7,192213318,188161733
K02000001,United Kingdom,overview,2021-06-08,4528442,40710319,29.5,191081685,187033227
K02000001,United Kingdom,overview,2021-06-07,4522476,40573517,29.2,190269444,186243675
K02000001,United Kingdom,overview,2021-06-06,4516892,40460576,29.0,189194567,185171138
K02000001,United Kingdom,overview,2021-06-05,4511669,40333231,28.8,187917273,183894668
K02000001,United Kingdom,overview,2021-06-04,4506018,40129618,28.7,187401840,183379830
K02000001,United Kingdom,overview,2021-06-03,4499878,39949694,28.6,186675625,182656997
K02000001,United Kingdom,overview,2021-06-02,4494699,39758428,28.4,185766106,181751684
K02000001,United Kingdom,overview,2021-06-01,4490438,39585665,28.3,184863504,180853524
K02000001,United Kingdom,overview,2021-05-31,4487339,39477158,28.0,184085462,180114463
K02000001,United Kingdom,overview,2021-05-30,4484056,39384055,27.9,183392783,179422001
K02000001,United Kingdom,overview,2021-05-29,4480945,39259168,27.8,182740165,178769847
K02000001,United Kingdom,overview,2021-05-28,4477705,39075642,27.7,182225754,178255960
K02000001,United Kingdom,overview,2021-05-27,4473677,38871200,27.6,181482777,177516404
K02000001,United Kingdom,overview,2021-05-26,4470297,38614683,27.5,180389107,176425028
K02000001,United Kingdom,overview,2021-05-25,4467310,38378564,27.3,179200097,175243483
K02000001,United Kingdom,overview,2021-05-24,4464900,38192417,27.2,178340975,174428620
K02000001,United Kingdom,overview,2021-05-23,4462538,38070038,27.0,177219896,173319169
K02000001,United Kingdom,overview,2021-05-22,4460446,37943681,26.9,176011121,172115712
K02000001,United Kingdom,overview,2021-05-21,4457923,37738271,26.9,175482320,171591491
K02000001,United Kingdom,overview,2021-05-20,4455221,37518614,26.8,174685077,170803291
K02000001,United Kingdom,overview,2021-05-19,4452527,37250363,26.6,173530131,169662774
K02000001,United Kingdom,overview,2021-05-18,4450392,36985505,26.5,172289797,168437414
K02000001,United Kingdom,overview,2021-05-17,4452756,36811405,26.4,171430196,167631507
K02000001,United Kingdom,overview,2021-05-16,4450777,36704672,26.3,170176278,166404289
K02000001,United Kingdom,overview,2021-05-15,4448851,36573354,26.2,169026475,165279086
K02000001,United Kingdom,overview,2021-05-14,4446824,36336023,26.1,168513150,164793133
K02000001,United Kingdom,overview,2021-05-13,4444631,36115955,26.0,167730656,164044851
K02000001,United Kingdom,overview,2021-05-12,4441975,35906671,25.9,169026815,165381658
K02000001,United Kingdom,overview,2021-05-11,4439691,35722461,25.8,167772892,164153497
K02000001,United Kingdom,overview,2021-05-10,4437217,35587348,25.7,166963960,163366957
K02000001,United Kingdom,overview,2021-05-09,4434860,35472295,25.5,165834737,162239626
K02000001,United Kingdom,overview,2021-05-08,4433090,35371669,25.4,164476624,160881871
K02000001,United Kingdom,overview,2021-05-07,4431043,35202642,25.3,163949388,160355794
K02000001,United Kingdom,overview,2021-05-06,4428553,35069641,25.2,163187701,159596793
K02000001,United Kingdom,overview,2021-05-05,4425940,34934171,25.1,161952445,158382105
K02000001,United Kingdom,overview,2021-05-04,4423796,34795074,25.0,160683484,157118550
K02000001,United Kingdom,overview,2021-05-03,4421850,34667904,24.8,159676828,156113388
K02000001,United Kingdom,overview,2021-05-02,4420201,34595304,24.7,158456462,154893318
K02000001,United Kingdom,overview,2021-05-01,4418530,34505380,24.6,157586281,154023885
K02000001,United Kingdom,overview,2021-04-30,4416623,34362205,24.6,157067397,153505591
K02000001,United Kingdom,overview,2021-04-29,4414242,34216616,24.4,156318604,152758980
K02000001,United Kingdom,overview,2021-04-28,4411797,34094048,24.3,155090374,151534293
K02000001,United Kingdom,overview,2021-04-27,4409631,33959908,24.2,153676183,150125011
K02000001,United Kingdom,overview,2021-04-26,4406946,33843580,24.1,152845593,149313821
K02000001,United Kingdom,overview,2021-04-25,4404882,33752885,23.9,151619604,148090881
K02000001,United Kingdom,overview,2021-04-24,4403170,33673190,23.8,150101170,146573186
K02000001,United Kingdom,overview,2021-04-23,4401109,33524423,23.7,149564957,146037957
K02000001,United Kingdom,overview,2021-04-22,4398431,33388637,23.6,148753910,145230056
K02000001,United Kingdom,overview,2021-04-21,4395703,33257651,23.4,147487751,143968121
K02000001,United Kingdom,overview,2021-04-20,4393307,33139742,23.3,146066237,142550623
K02000001,United Kingdom,overview,2021-04-19,4390783,33032120,23.1,145218501,141725669
K02000001,United Kingdom,overview,2021-04-18,4387820,32932448,22.9,143972227,140500461
K02000001,United Kingdom,overview,2021-04-17,4385938,32849223,22.8,142253327,138784858
K02000001,United Kingdom,overview,2021-04-16,4383732,32709778,22.8,141724010,138256468
K02000001,United Kingdom,overview,2021-04-15,4380976,32574221,22.7,140960949,137495709
K02000001,United Kingdom,overview,2021-04-14,4378305,32444439,22.5,139842224,136381480
K02000001,United Kingdom,overview,2021-04-13,4375814,32326604,22.4,138628571,135173949
K02000001,United Kingdom,overview,2021-04-12,4373343,32250481,22.3,137868931,134418062
K02000001,United Kingdom,overview,2021-04-11,4369775,32190576,22.1,136835423,133389406
K02000001,United Kingdom,overview,2021-04-10,4368045,32121353,22.1,135579867,132134365
K02000001,United Kingdom,overview,2021-04-09,4365461,32010244,22.0,135060241,131615654
K02000001,United Kingdom,overview,2021-04-08,4370321,31903366,21.9,134306011,130866414
K02000001,United Kingdom,overview,2021-04-07,4367291,31807124,21.8,133251654,129817290
K02000001,United Kingdom,overview,2021-04-06,4364529,31707594,21.6,132163113,128733853
K02000001,United Kingdom,overview,2021-04-05,4362150,31622367,21.5,131427948,128020500
K02000001,United Kingdom,overview,2021-04-04,4359388,31581623,21.4,130550640,127143632
K02000001,United Kingdom,overview,2021-04-03,4357091,31533568,21.3,129705141,126298789
K02000001,United Kingdom,overview,2021-04-02,4353668,31425682,21.3,129263386,125857569
K02000001,United Kingdom,overview,2021-04-01,4350266,31318262,21.2,128646556,125241954
K02000001,United Kingdom,overview,2021-03-31,4345788,31147444,21.1,127567695,124168024
K02000001,United Kingdom,overview,2021-03-30,4341736,30908010,21.0,126244515,122847913
K02000001,United Kingdom,overview,2021-03-29,4337696,30682093,20.9,125495721,122113844
K02000001,United Kingdom,overview,2021-03-28,4333042,30445284,20.8,124465936,121085478
K02000001,United Kingdom,overview,2021-03-27,4329180,30151736,20.7,122795052,119417100
K02000001,United Kingdom,overview,2021-03-26,4325315,29727435,20.6,122293829,118917709
K02000001,United Kingdom,overview,2021-03-25,4319128,29316130,20.5,121534407,118161052
K02000001,United Kingdom,overview,2021-03-24,4312908,28991188,20.4,120094548,116725082
K02000001,United Kingdom,overview,2021-03-23,4307304,28653523,20.2,118230677,114867107
K02000001,United Kingdom,overview,2021-03-22,4301925,28327873,20.1,117301419,113952499
K02000001,United Kingdom,overview,2021-03-21,4296583,27997976,20.0,115958702,112615651
K02000001,United Kingdom,overview,2021-03-20,4291271,27630970,19.9,114038857,110697725
K02000001,United Kingdom,overview,2021-03-19,4285684,26878662,19.8,113536149,110197059
K02000001,United Kingdom,overview,2021-03-18,4280882,26263732,19.7,112509054,109175914
K02000001,United Kingdom,overview,2021-03-17,4274579,25735472,19.7,110935170,107606112
K02000001,United Kingdom,overview,2021-03-16,4268821,25273226,19.6,109197567,105874402
K02000001,United Kingdom,overview,2021-03-15,4263527,24839906,19.5,107751659,104442573
K02000001,United Kingdom,overview,2021-03-14,4258438,24453221,19.4,106058723,102752026
K02000001,United Kingdom,overview,2021-03-13,4253820,24196211,19.3,105066338,101760406
K02000001,United Kingdom,overview,2021-03-12,4248286,23684103,19.3,104594425,101289204
K02000001,United Kingdom,overview,2021-03-11,4241677,23314525,19.2,103069455,99769436
K02000001,United Kingdom,overview,2021-03-10,4234924,23053716,19.1,101332623,98036818
K02000001,United Kingdom,overview,2021-03-09,4228998,22809829,19.0,99663934,96375289
K02000001,United Kingdom,overview,2021-03-08,4223232,22592528,18.8,98154222,94883781
K02000001,United Kingdom,overview,2021-03-07,4218520,22377255,18.7,96534965,93266640
K02000001,United Kingdom,overview,2021-03-06,4213343,22213112,18.6,95708984,92441544
K02000001,United Kingdom,overview,2021-03-05,4207304,21796278,18.6,95225962,91959187
K02000001,United Kingdom,overview,2021-03-04,4201358,21358815,18.5,94215351,90951382
K02000001,United Kingdom,overview,2021-03-03,4194785,20982571,18.4,93167675,89906380
K02000001,United Kingdom,overview,2021-03-02,4188400,20703615,18.3,92277458,89018557
K02000001,United Kingdom,overview,2021-03-01,4182009,20478619,18.1,91542503,88286409
K02000001,United Kingdom,overview,2021-02-28,4176554,20275451,17.9,90753674,87511366
K02000001,United Kingdom,overview,2021-02-27,4170519,20089551,17.8,90206491,86964949
K02000001,United Kingdom,overview,2021-02-26,4163085,19682048,17.8,89813224,86572725
K02000001,United Kingdom,overview,2021-02-25,4154562,19177555,17.7,89181354,85943850
K02000001,United Kingdom,overview,2021-02-24,4144577,18691835,17.5,88408971,85175463
K02000001,United Kingdom,overview,2021-02-23,4134639,18242873,17.3,87646375,84417131
K02000001,United Kingdom,overview,2021-02-22,4126150,17916181,17.1,87001800,83791150
K02000001,United Kingdom,overview,2021-02-21,4115509,17723840,16.8,86287789,83079402
K02000001,United Kingdom,overview,2021-02-20,4105675,17582121,16.7,85687090,82479644
K02000001,United Kingdom,overview,2021-02-19,4095269,17247442,16.7,85272050,82065560
K02000001,United Kingdom,overview,2021-02-18,4083242,16875536,16.5,84729447,81526214
K02000001,United Kingdom,overview,2021-02-17,4071185,16423082,16.3,84147458,80948949
K02000001,United Kingdom,overview,2021-02-16,4058468,15940972,16.1,83552514,80356615
K02000001,United Kingdom,overview,2021-02-15,4047843,15576107,15.9,83032709,79840356
K02000001,United Kingdom,overview,2021-02-14,4038078,15300151,15.7,82542391,79352538
K02000001,United Kingdom,overview,2021-02-13,4027106,15062189,15.6,82132538,78943363
K02000001,United Kingdom,overview,2021-02-12,4013799,14556827,15.5,81712692,78526532
K02000001,United Kingdom,overview,2021-02-11,3998655,14012224,15.3,81063310,77881912
K02000001,United Kingdom,overview,2021-02-10,3985161,13509108,15.2,80288457,77111270
K02000001,United Kingdom,overview,2021-02-09,3972148,13058298,15.0,79497406,76323568
K02000001,United Kingdom,overview,2021-02-08,3959784,12646486,14.8,78883843,75716707
K02000001,United Kingdom,overview,2021-02-07,3945680,12294006,14.7,78221981,75059261
K02000001,United Kingdom,overview,2021-02-06,3929835,12015018,14.6,77618484,74456907
K02000001,United Kingdom,overview,2021-02-05,3911573,11465210,14.5,77149285,73990145
K02000001,United Kingdom,overview,2021-02-04,3892459,10971047,14.4,76449742,73295450
K02000001,United Kingdom,overview,2021-02-03,3871825,10490487,14.2,75630770,72484464
K02000001,United Kingdom,overview,2021-02-02,3852623,10021471,14.0,74805756,71666336
K02000001,United Kingdom,overview,2021-02-01,3835783,9646715,13.9,74154256,71033298
K02000001,United Kingdom,overview,2021-01-31,3817176,9296367,13.7,73462855,70354346
K02000001,United Kingdom,overview,2021-01-30,3796088,8977329,13.6,72848366,69749894
K02000001,United Kingdom,overview,2021-01-29,3772813,8378940,13.5,72390592,69303722
K02000001,United Kingdom,overview,2021-01-28,3743734,7891184,13.3,71694842,68624404
K02000001,United Kingdom,overview,2021-01-27,3715054,7476765,13.2,70891750,67848284
K02000001,United Kingdom,overview,2021-01-26,3689746,7164387,13.0,70058559,67061839
K02000001,United Kingdom,overview,2021-01-25,3669658,6853327,12.8,69380834,66443979
K02000001,United Kingdom,overview,2021-01-24,3647463,6573570,12.6,68807648,65874634
K02000001,United Kingdom,overview,2021-01-23,3617459,6353321,12.5,68388346,65455903
K02000001,United Kingdom,overview,2021-01-22,3583907,5861351,12.4,67900379,64969876
K02000001,United Kingdom,overview,2021-01-21,3543646,5383103,12.2,67248276,64320258
K02000001,United Kingdom,overview,2021-01-20,3505754,4973248,12.0,66567122,63644294
K02000001,United Kingdom,overview,2021-01-19,3466849,4609740,11.8,65896473,62977839
K02000001,United Kingdom,overview,2021-01-18,3433494,4266577,11.5,65281812,62375880
K02000001,United Kingdom,overview,2021-01-17,3395959,4062501,11.2,64688019,61785337
K02000001,United Kingdom,overview,2021-01-16,3357361,3872394,11.1,64262678,61360632
K02000001,United Kingdom,overview,2021-01-15,3316019,3576263,10.9,63760165,60859556
K02000001,United Kingdom,overview,2021-01-14,3260258,3234946,10.7,63151470,60254987
K02000001,United Kingdom,overview,2021-01-13,3211576,2918252,10.5,62445325,59553073
K02000001,United Kingdom,overview,2021-01-12,3164051,2639309,10.3,61797627,58909286
K02000001,United Kingdom,overview,2021-01-11,3118518,2431648,10.0,61176472,58313273
K02000001,United Kingdom,overview,2021-01-10,3072349,2286572,9.7,60618780,57758071
K02000001,United Kingdom,overview,2021-01-09,3017409,,9.6,60129562,57269428
K02000001,United Kingdom,overview,2021-01-08,2957472,,9.4,59560998,56701570
K02000001,United Kingdom,overview,2021-01-07,2889419,,9.2,58873328,56016473
K02000001,United Kingdom,overview,2021-01-06,2836801,,9.0,58246792,55393783
K02000001,United Kingdom,overview,2021-01-05,2774479,,8.8,57668047,54823693
K02000001,United Kingdom,overview,2021-01-04,2713563,,8.5,57155766,54314112
K02000001,United Kingdom,overview,2021-01-03,2654779,,8.2,56674100,53834435
K02000001,United Kingdom,overview,2021-01-02,2599789,,8.1,56242006,53403059
K02000001,United Kingdom,overview,2021-01-01,2542065,,7.9,55828778,52990381
K02000001,United Kingdom,overview,2020-12-31,2488780,,7.8,55406379,52568578
K02000001,United Kingdom,overview,2020-12-30,2432888,,7.7,54905777,52071040
K02000001,United Kingdom,overview,2020-12-29,2382865,,7.5,54480154,51648507
K02000001,United Kingdom,overview,2020-12-28,2329730,,7.2,54128440,51299463
K02000001,United Kingdom,overview,2020-12-27,2288345,,7.1,53766231,50937896
K02000001,United Kingdom,overview,2020-12-26,2257844,,7.1,53343226,50515479
K02000001,United Kingdom,overview,2020-12-25,2222153,,7.0,53071475,50244463
K02000001,United Kingdom,overview,2020-12-24,2189428,,6.9,52733758,49907334
K02000001,United Kingdom,overview,2020-12-23,2149551,,6.9,52271556,49448282
K02000001,United Kingdom,overview,2020-12-22,2110314,,6.8,51760217,48939762
K02000001,United Kingdom,overview,2020-12-21,2073511,,6.6,51299623,48482311
K02000001,United Kingdom,overview,2020-12-20,2040147,,6.5,50858246,48043902
K02000001,United Kingdom,overview,2020-12-19,2004219,,6.4,50424552,47610688
K02000001,United Kingdom,overview,2020-12-18,1977167,,6.4,49986713,47174511
K02000001,United Kingdom,overview,2020-12-17,1948660,,6.3,49590278,46782098
K02000001,United Kingdom,overview,2020-12-16,1913277,,6.2,49190968,46385882
K02000001,United Kingdom,overview,2020-12-15,1888116,,6.1,48823017,46022085
K02000001,United Kingdom,overview,2020-12-14,1869666,,6.0,48498962,45706931
K02000001,United Kingdom,overview,2020-12-13,1849403,,5.9,48216087,45427339
K02000001,United Kingdom,overview,2020-12-12,1830956,,5.8,47904103,45115720
K02000001,United Kingdom,overview,2020-12-11,1809455,,5.8,47547749,44760332
K02000001,United Kingdom,overview,2020-12-10,1787783,,5.7,47153003,44369565
K02000001,United Kingdom,overview,2020-12-09,1766819,,5.6,46744056,43970283
K02000001,United Kingdom,overview,2020-12-08,1750241,,5.5,46358046,43587985
K02000001,United Kingdom,overview,2020-12-07,1737960,,5.5,46058315,43290661
K02000001,United Kingdom,overview,2020-12-06,1723242,,5.4,45833736,43068156
K02000001,United Kingdom,overview,2020-12-05,1705971,,5.4,45561867,42796622
K02000001,United Kingdom,overview,2020-12-04,1690432,,5.3,45207446,42443618
K02000001,United Kingdom,overview,2020-12-03,1674134,,5.3,44822336,42062736
K02000001,United Kingdom,overview,2020-12-02,1659256,,5.2,44428306,41672781
K02000001,United Kingdom,overview,2020-12-01,1643086,,5.2,44072109,41320112
K02000001,United Kingdom,overview,2020-11-30,1629657,,5.1,43740383,41000503
K02000001,United Kingdom,overview,2020-11-29,1617327,,5.0,43486293,40763714
K02000001,United Kingdom,overview,2020-11-28,1605172,,5.0,43262819,40541524
K02000001,United Kingdom,overview,2020-11-27,1589301,,5.0,42951337,40230771
K02000001,United Kingdom,overview,2020-11-26,1574562,,4.9,42614085,39897083
K02000001,United Kingdom,overview,2020-11-25,1557007,,4.9,42227353,39514829
K02000001,United Kingdom,overview,2020-11-24,1538794,,4.8,41869040,39160087
K02000001,United Kingdom,overview,2020-11-23,1527495,,4.8,41542416,38843270
K02000001,United Kingdom,overview,2020-11-22,1512045,,4.7,41321913,38625154
K02000001,United Kingdom,overview,2020-11-21,1493383,,4.7,41038806,38342587
K02000001,United Kingdom,overview,2020-11-20,1473508,,4.7,40672888,37978347
K02000001,United Kingdom,overview,2020-11-19,1453256,,4.6,40274972,37584645
K02000001,United Kingdom,overview,2020-11-18,1430341,,4.6,39868912,37183498
K02000001,United Kingdom,overview,2020-11-17,1410732,,4.5,39491325,36809059
K02000001,United Kingdom,overview,2020-11-16,1390681,,4.5,39197362,36522538
K02000001,United Kingdom,overview,2020-11-15,1369318,,4.4,38938447,36266452
K02000001,United Kingdom,overview,2020-11-14,1344356,,4.4,38655144,35984082
K02000001,United Kingdom,overview,2020-11-13,1317496,,4.4,38312459,35642292
K02000001,United Kingdom,overview,2020-11-12,1290195,,4.3,37927033,35260672
K02000001,United Kingdom,overview,2020-11-11,1256725,,4.3,37543614,34881342
K02000001,United Kingdom,overview,2020-11-10,1233775,,4.2,37156950,34500145
K02000001,United Kingdom,overview,2020-11-09,1213363,,4.1,36846231,34194799
K02000001,United Kingdom,overview,2020-11-08,1192013,,4.0,36592352,33947968
K02000001,United Kingdom,overview,2020-11-07,1171441,,4.0,36304554,33663161
K02000001,United Kingdom,overview,2020-11-06,1146484,,4.0,35973636,33335621
K02000001,United Kingdom,overview,2020-11-05,1123197,,3.9,35611108,32980710
K02000001,United Kingdom,overview,2020-11-04,1099059,,3.9,35251116,32632140
K02000001,United Kingdom,overview,2020-11-03,1073882,,3.8,34930006,32318414
K02000001,United Kingdom,overview,2020-11-02,1053864,,3.7,34641799,32045996
K02000001,United Kingdom,overview,2020-11-01,1034914,,3.6,34404990,31821917
K02000001,United Kingdom,overview,2020-10-31,1011660,,3.6,34121466,31550931
K02000001,United Kingdom,overview,2020-10-30,989745,,3.6,33812687,31258260
K02000001,United Kingdom,overview,2020-10-29,965340,,3.5,33479500,30950352
K02000001,United Kingdom,overview,2020-10-28,942275,,3.5,33099491,30600800
K02000001,United Kingdom,overview,2020-10-27,917575,,3.4,32755061,30291382
K02000001,United Kingdom,overview,2020-10-26,894690,,3.4,32425481,30001699
K02000001,United Kingdom,overview,2020-10-25,873800,,3.3,32155795,29734502
K02000001,United Kingdom,overview,2020-10-24,854010,,3.3,31834084,29413413
K02000001,United Kingdom,overview,2020-10-23,830998,,3.3,31515972,29096764
K02000001,United Kingdom,overview,2020-10-22,810467,,3.2,31165166,28751286
K02000001,United Kingdom,overview,2020-10-21,789229,,3.2,30816131,28406114
K02000001,United Kingdom,overview,2020-10-20,762542,,3.2,30490795,28085679
K02000001,United Kingdom,overview,2020-10-19,741212,,3.1,30193733,27801570
K02000001,United Kingdom,overview,2020-10-18,722409,,3.0,29925431,27536460
K02000001,United Kingdom,overview,2020-10-17,705428,,3.0,29618484,27230008
K02000001,United Kingdom,overview,2020-10-16,689257,,3.0,29310390,26923140
K02000001,United Kingdom,overview,2020-10-15,673622,,2.9,28992751,26611602
K02000001,United Kingdom,overview,2020-10-14,654644,,2.9,28683607,26307041
K02000001,United Kingdom,overview,2020-10-13,634920,,2.8,28378932,26007359
K02000001,United Kingdom,overview,2020-10-12,617688,,2.8,28061484,25702725
K02000001,United Kingdom,overview,2020-10-11,603716,,2.7,27834806,25479097
K02000001,United Kingdom,overview,2020-10-10,590844,,2.7,27575841,25220655
K02000001,United Kingdom,overview,2020-10-09,575679,,2.7,27294846,24942030
K02000001,United Kingdom,overview,2020-10-08,561815,,2.6,26992618,24646063
K02000001,United Kingdom,overview,2020-10-07,544275,,2.6,26684760,24343330
K02000001,United Kingdom,overview,2020-10-06,530113,,2.6,26425017,24088550
K02000001,United Kingdom,overview,2020-10-05,515571,,2.5,26153569,23825359
K02000001,United Kingdom,overview,2020-10-04,502978,,2.4,25869336,23549050
K02000001,United Kingdom,overview,2020-10-03,480017,,2.4,25617508,23298497
K02000001,United Kingdom,overview,2020-10-02,467146,,2.4,25330030,23012963
K02000001,United Kingdom,overview,2020-10-01,460178,,2.4,25053421,22743382
K02000001,United Kingdom,overview,2020-09-30,453264,,2.3,24776365,22472879
K02000001,United Kingdom,overview,2020-09-29,446156,,2.3,24512866,22215459
K02000001,United Kingdom,overview,2020-09-28,439013,,2.2,24253396,21967950
K02000001,United Kingdom,overview,2020-09-27,434969,,2.2,24019091,21738530
K02000001,United Kingdom,overview,2020-09-26,429277,,2.2,23751995,21475346
K02000001,United Kingdom,overview,2020-09-25,423236,,2.2,23492213,21220373
K02000001,United Kingdom,overview,2020-09-24,416363,,2.1,23192768,20931028
K02000001,United Kingdom,overview,2020-09-23,409729,,2.1,22905284,20656458
K02000001,United Kingdom,overview,2020-09-22,403551,,2.1,22621213,20396409
K02000001,United Kingdom,overview,2020-09-21,398625,,2.0,22393731,20184623
K02000001,United Kingdom,overview,2020-09-20,394257,,2.0,22171979,19976223
K02000001,United Kingdom,overview,2020-09-19,390358,,2.0,21924881,19741493
K02000001,United Kingdom,overview,2020-09-18,385936,,2.0,21659184,19492173
K02000001,United Kingdom,overview,2020-09-17,381614,,1.9,21368297,19227027
K02000001,United Kingdom,overview,2020-09-16,378219,,1.9,21099610,18986371
K02000001,United Kingdom,overview,2020-09-15,374228,,1.9,20811196,18741477
K02000001,United Kingdom,overview,2020-09-14,371125,,1.8,20521243,18502690
K02000001,United Kingdom,overview,2020-09-13,368504,,1.8,20292025,18283986
K02000001,United Kingdom,overview,2020-09-12,365174,,1.8,20064950,18058978
K02000001,United Kingdom,overview,2020-09-11,361677,,1.8,19832981,17831211
K02000001,United Kingdom,overview,2020-09-10,358138,,1.7,19542389,17550397
K02000001,United Kingdom,overview,2020-09-09,355219,,1.7,19293329,17308667
K02000001,United Kingdom,overview,2020-09-08,352560,,1.6,19060505,17082820
K02000001,United Kingdom,overview,2020-09-07,350100,,1.6,18823212,16879076
K02000001,United Kingdom,overview,2020-09-06,347152,,1.5,18625666,16674693
K02000001,United Kingdom,overview,2020-09-05,344164,,1.5,18432292,16481625
K02000001,United Kingdom,overview,2020-09-04,342351,,1.5,18240704,16293466
K02000001,United Kingdom,overview,2020-09-03,340411,,1.4,18031292,16091179
K02000001,United Kingdom,overview,2020-09-02,338676,,1.4,17823349,15891201
K02000001,United Kingdom,overview,2020-09-01,337168,,1.3,17619897,15683806
K02000001,United Kingdom,overview,2020-08-31,335873,,1.2,17444343,15512155
K02000001,United Kingdom,overview,2020-08-30,334467,,1.2,17262409,15329977
K02000001,United Kingdom,overview,2020-08-29,332752,,1.2,17080344,15149069
K02000001,United Kingdom,overview,2020-08-28,331644,,1.2,16896834,14969953
K02000001,United Kingdom,overview,2020-08-27,330368,,1.2,16698964,14780714
K02000001,United Kingdom,overview,2020-08-26,328846,,1.1,16483449,14575378
K02000001,United Kingdom,overview,2020-08-25,327798,,1.1,16273209,14371558
K02000001,United Kingdom,overview,2020-08-24,326614,,1.1,16065561,14171046
K02000001,United Kingdom,overview,2020-08-23,325761,,1.1,15912155,14021334
K02000001,United Kingdom,overview,2020-08-22,324601,,1.1,15736334,13855427
K02000001,United Kingdom,overview,2020-08-21,323313,,1.0,15554879,13678583
K02000001,United Kingdom,overview,2020-08-20,322280,,1.0,15363416,13497261
K02000001,United Kingdom,overview,2020-08-19,321098,,1.0,15177265,13322498
K02000001,United Kingdom,overview,2020-08-18,320286,,0.9,14988134,13142507
K02000001,United Kingdom,overview,2020-08-17,319197,,0.9,14825051,12984857
K02000001,United Kingdom,overview,2020-08-16,318484,,0.9,14674841,12837312
K02000001,United Kingdom,overview,2020-08-15,317444,,0.9,14503645,12667335
K02000001,United Kingdom,overview,2020-08-14,316367,,0.9,14320621,12488094
K02000001,United Kingdom,overview,2020-08-13,314927,,0.8,14142736,12317850
K02000001,United Kingdom,overview,2020-08-12,313798,,0.8,13971512,12153134
K02000001,United Kingdom,overview,2020-08-11,312789,,0.8,13785297,11975496
K02000001,United Kingdom,overview,2020-08-10,311641,,0.8,13618470,11817357
K02000001,United Kingdom,overview,2020-08-09,310825,,0.7,13453361,11662825
K02000001,United Kingdom,overview,2020-08-08,309763,,0.7,13286362,11499600
K02000001,United Kingdom,overview,2020-08-07,309005,,0.7,13121091,11339840
K02000001,United Kingdom,overview,2020-08-06,308134,,0.7,12938980,11166045
K02000001,United Kingdom,overview,2020-08-05,307184,,0.7,12748043,10990867
K02000001,United Kingdom,overview,2020-08-04,306293,,0.6,12571991,10828950
K02000001,United Kingdom,overview,2020-08-03,305623,,0.6,12407146,10677682
K02000001,United Kingdom,overview,2020-08-02,304685,,0.6,12250937,10531708
K02000001,United Kingdom,overview,2020-08-01,303942,,0.6,12075267,10384971
K02000001,United Kingdom,overview,2020-07-31,303181,,0.5,11912950,10239202
K02000001,United Kingdom,overview,2020-07-30,302301,,0.5,11722733,10074787
K02000001,United Kingdom,overview,2020-07-29,301455,,0.5,11515652,9904778
K02000001,United Kingdom,overview,2020-07-28,300692,,0.5,11349983,9747318
K02000001,United Kingdom,overview,2020-07-27,300111,,0.4,11195038,9599209
K02000001,United Kingdom,overview,2020-07-26,299426,,0.4,11095717,9508175
K02000001,United Kingdom,overview,2020-07-25,298681,,0.4,10975936,9390265
K02000001,United Kingdom,overview,2020-07-24,297914,,0.4,10832984,9252140
K02000001,United Kingdom,overview,2020-07-23,297146,,0.4,10675176,9104555
K02000001,United Kingdom,overview,2020-07-22,296377,,0.4,10523054,8963894
K02000001,United Kingdom,overview,2020-07-21,295817,,0.4,10375459,8827068
K02000001,United Kingdom,overview,2020-07-20,295372,,0.4,10232901,8694091
K02000001,United Kingdom,overview,2020-07-19,294792,,0.3,10130116,8599638
K02000001,United Kingdom,overview,2020-07-18,294066,,0.3,10009148,8485418
K02000001,United Kingdom,overview,2020-07-17,293239,,0.3,9868579,8349712
K02000001,United Kingdom,overview,2020-07-16,292552,,0.3,9690514,8185605
K02000001,United Kingdom,overview,2020-07-15,291911,,0.3,9524251,8034397
K02000001,United Kingdom,overview,2020-07-14,291373,,0.3,9368703,7893688
K02000001,United Kingdom,overview,2020-07-13,290133,,0.3,9235686,7773988
K02000001,United Kingdom,overview,2020-07-12,289603,,0.3,9139226,7688004
K02000001,United Kingdom,overview,2020-07-11,288953,,0.3,9036673,7592950
K02000001,United Kingdom,overview,2020-07-10,288133,,0.3,8901570,7466850
K02000001,United Kingdom,overview,2020-07-09,287621,,0.3,8746603,7333116
K02000001,United Kingdom,overview,2020-07-08,286979,,0.2,8584627,7195332
K02000001,United Kingdom,overview,2020-07-07,286349,,0.2,8431626,7068594
K02000001,United Kingdom,overview,2020-07-06,285768,,0.2,8305032,6960747
K02000001,United Kingdom,overview,2020-07-05,285416,,0.2,8210372,6882038
K02000001,United Kingdom,overview,2020-07-04,284900,,0.2,8111677,6788918
K02000001,United Kingdom,overview,2020-07-03,284276,,0.2,7985271,6674913
K02000001,United Kingdom,overview,2020-07-02,283757,,0.2,7812218,6536152
K02000001,United Kingdom,overview,2020-07-01,313483,,0.2,7643831,6400383
K02000001,United Kingdom,overview,2020-06-30,312654,,0.2,7486285,6276794
K02000001,United Kingdom,overview,2020-06-29,311965,,0.2,7331986,6155109
K02000001,United Kingdom,overview,2020-06-28,311151,,0.2,7208646,6076257
K02000001,United Kingdom,overview,2020-06-27,310250,,0.2,7109814,5992855
K02000001,United Kingdom,overview,2020-06-26,309360,,0.2,6992073,5892723
K02000001,United Kingdom,overview,2020-06-25,307980,,0.2,6847145,5786835
K02000001,United Kingdom,overview,2020-06-24,306862,,0.2,6648415,5635930
K02000001,United Kingdom,overview,2020-06-23,306210,,0.2,6507342,5544259
K02000001,United Kingdom,overview,2020-06-22,305289,,0.1,6384549,5470059
K02000001,United Kingdom,overview,2020-06-21,304331,,0.1,6278432,5403013
K02000001,United Kingdom,overview,2020-06-20,303110,,0.1,6201735,5342799
K02000001,United Kingdom,overview,2020-06-19,301815,,0.1,6082480,5259442
K02000001,United Kingdom,overview,2020-06-18,300469,,0.1,5948476,5168972
K02000001,United Kingdom,overview,2020-06-17,299251,,0.1,5808862,5075568
K02000001,United Kingdom,overview,2020-06-16,298136,,0.1,5675283,4989376
K02000001,United Kingdom,overview,2020-06-15,296857,,0.1,5552801,4908133
K02000001,United Kingdom,overview,2020-06-14,295889,,0.1,5449760,4836114
K02000001,United Kingdom,overview,2020-06-13,294375,,0.1,5364875,4766287
K02000001,United Kingdom,overview,2020-06-12,292950,,0.1,5241174,4666985
K02000001,United Kingdom,overview,2020-06-11,291409,,0.1,5092695,4567668
K02000001,United Kingdom,overview,2020-06-10,290143,,0.1,4941550,4464303
K02000001,United Kingdom,overview,2020-06-09,289140,,0.1,4795468,4363174
K02000001,United Kingdom,overview,2020-06-08,287399,,0.1,4662107,4267852
K02000001,United Kingdom,overview,2020-06-07,286194,,0.1,4527480,4161559
K02000001,United Kingdom,overview,2020-06-06,284868,,0.1,4422335,4074903
K02000001,United Kingdom,overview,2020-06-05,283311,,0.1,4304282,3981633
K02000001,United Kingdom,overview,2020-06-04,281661,,0.1,4157311,3878859
K02000001,United Kingdom,overview,2020-06-03,279856,,0.1,4011931,3779813
K02000001,United Kingdom,overview,2020-06-02,277985,,0.1,3869621,3677945
K02000001,United Kingdom,overview,2020-06-01,276332,,0.1,3739808,3584937
K02000001,United Kingdom,overview,2020-05-31,274762,,,3638278,3514218
K02000001,United Kingdom,overview,2020-05-30,272826,,,3466338,3431582
K02000001,United Kingdom,overview,2020-05-29,271222,,,3368948,3334712
K02000001,United Kingdom,overview,2020-05-28,269127,,,3262396,3229386
K02000001,United Kingdom,overview,2020-05-27,267240,,,3159661,3128416
K02000001,United Kingdom,overview,2020-05-26,265227,,,3076645,3045856
K02000001,United Kingdom,overview,2020-05-25,261184,,,2998370,2967818
K02000001,United Kingdom,overview,2020-05-24,259559,,,2849932,2818482
K02000001,United Kingdom,overview,2020-05-23,257154,,,2790296,2760287
K02000001,United Kingdom,overview,2020-05-22,254195,,,2697987,2668906
K02000001,United Kingdom,overview,2020-05-21,250908,,,2605843,2577926
K02000001,United Kingdom,overview,2020-05-20,248293,,,2497915,2472163
K02000001,United Kingdom,overview,2020-05-19,248818,,,2410097,2385467
K02000001,United Kingdom,overview,2020-05-18,246406,,,2330252,2307413
K02000001,United Kingdom,overview,2020-05-17,243723,,,2257668,2235728
K02000001,United Kingdom,overview,2020-05-16,240161,,,2175527,2154515
K02000001,United Kingdom,overview,2020-05-15,236711,,,2082174,2063966
K02000001,United Kingdom,overview,2020-05-14,233151,,,1986193,1973920
K02000001,United Kingdom,overview,2020-05-13,229705,,,1901014,1888251
K02000001,United Kingdom,overview,2020-05-12,226463,,,1816848,1804714
K02000001,United Kingdom,overview,2020-05-11,223060,,,1741989,1729748
K02000001,United Kingdom,overview,2020-05-10,219183,,,1671546,1657689
K02000001,United Kingdom,overview,2020-05-09,215260,,,1594604,1581586
K02000001,United Kingdom,overview,2020-05-08,211364,,,1517402,1504757
K02000001,United Kingdom,overview,2020-05-07,206715,,,1439506,1427375
K02000001,United Kingdom,overview,2020-05-06,201101,,,1360595,1349757
K02000001,United Kingdom,overview,2020-05-05,194990,,,1283443,1272905
K02000001,United Kingdom,overview,2020-05-04,190584,,,1220764,1210689
K02000001,United Kingdom,overview,2020-05-03,186599,,,1140726,1130447
K02000001,United Kingdom,overview,2020-05-02,182260,,,1071909,1062472
K02000001,United Kingdom,overview,2020-05-01,177454,,,1008348,999063
K02000001,United Kingdom,overview,2020-04-30,171253,,,933455,924908
K02000001,United Kingdom,overview,2020-04-29,165221,,,849296,841345
K02000001,United Kingdom,overview,2020-04-28,161145,,,780366,775437
K02000001,United Kingdom,overview,2020-04-27,157149,,,734860,730173
K02000001,United Kingdom,overview,2020-04-26,152840,,,701460,697837
K02000001,United Kingdom,overview,2020-04-25,148377,,,669850,666287
K02000001,United Kingdom,overview,2020-04-24,143464,,,640792,637278
K02000001,United Kingdom,overview,2020-04-23,138078,,,612031,609133
K02000001,United Kingdom,overview,2020-04-22,133495,,,583496,580698
K02000001,United Kingdom,overview,2020-04-21,129044,,,559935,557544
K02000001,United Kingdom,overview,2020-04-20,124743,,,537121,534757
K02000001,United Kingdom,overview,2020-04-19,120067,,,501379,
K02000001,United Kingdom,overview,2020-04-18,114217,,,482063,
K02000001,United Kingdom,overview,2020-04-17,108692,,,460437,
K02000001,United Kingdom,overview,2020-04-16,103093,,,438991,
K02000001,United Kingdom,overview,2020-04-15,98476,,,417649,
K02000001,United Kingdom,overview,2020-04-14,93873,,,398916,
K02000001,United Kingdom,overview,2020-04-13,88621,,,382650,
K02000001,United Kingdom,overview,2020-04-12,84279,,,367667,
K02000001,United Kingdom,overview,2020-04-11,78991,,,352974,
K02000001,United Kingdom,overview,2020-04-10,73758,,,334974,
K02000001,United Kingdom,overview,2020-04-09,68052,,,316836,
K02000001,United Kingdom,overview,2020-04-08,63377,,,298169,
K02000001,United Kingdom,overview,2020-04-07,57512,,,281726,
K02000001,United Kingdom,overview,2020-04-06,53624,,,267303,
K02000001,United Kingdom,overview,2020-04-05,49481,,,252896,
K02000001,United Kingdom,overview,2020-04-04,43282,,,239658,
K02000001,United Kingdom,overview,2020-04-03,39282,,,223578,
K02000001,United Kingdom,overview,2020-04-02,34610,,,182352,
K02000001,United Kingdom,overview,2020-04-01,30088,,,167237,
K02000001,United Kingdom,overview,2020-03-31,25521,,,155174,
K02000001,United Kingdom,overview,2020-03-30,22271,,,,
K02000001,United Kingdom,overview,2020-03-29,19606,,,,
K02000001,United Kingdom,overview,2020-03-28,17104,,,,
K02000001,United Kingdom,overview,2020-03-27,14548,,,,
K02000001,United Kingdom,overview,2020-03-26,11658,,,,
K02000001,United Kingdom,overview,2020-03-25,9529,,,,
K02000001,United Kingdom,overview,2020-03-24,8077,,,,
K02000001,United Kingdom,overview,2020-03-23,6650,,,,
K02000001,United Kingdom,overview,2020-03-22,5683,,,,
K02000001,United Kingdom,overview,2020-03-21,5018,,,,
K02000001,United Kingdom,overview,2020-03-20,3983,,,,
K02000001,United Kingdom,overview,2020-03-19,3269,,,,
K02000001,United Kingdom,overview,2020-03-18,2626,,,,
K02000001,United Kingdom,overview,2020-03-17,1950,,,,
K02000001,United Kingdom,overview,2020-03-16,1543,,,,
K02000001,United Kingdom,overview,2020-03-15,1391,,,,
K02000001,United Kingdom,overview,2020-03-14,1061,,,,
K02000001,United Kingdom,overview,2020-03-13,797,,,,
K02000001,United Kingdom,overview,2020-03-12,590,,,,
K02000001,United Kingdom,overview,2020-03-11,456,,,,
K02000001,United Kingdom,overview,2020-03-10,373,,,,
K02000001,United Kingdom,overview,2020-03-09,321,,,,
K02000001,United Kingdom,overview,2020-03-08,271,,,,
K02000001,United Kingdom,overview,2020-03-07,206,,,,
K02000001,United Kingdom,overview,2020-03-06,160,,,,
K02000001,United Kingdom,overview,2020-03-05,114,,,,
K02000001,United Kingdom,overview,2020-03-04,85,,,,
K02000001,United Kingdom,overview,2020-03-03,51,,,,
K02000001,United Kingdom,overview,2020-03-02,40,,,,
K02000001,United Kingdom,overview,2020-03-01,35,,,,
K02000001,United Kingdom,overview,2020-02-29,23,,,,
K02000001,United Kingdom,overview,2020-02-28,19,,,,
K02000001,United Kingdom,overview,2020-02-27,13,,,,
K02000001,United Kingdom,overview,2020-02-26,13,,,,
K02000001,United Kingdom,overview,2020-02-25,13,,,,
K02000001,United Kingdom,overview,2020-02-24,13,,,,
K02000001,United Kingdom,overview,2020-02-23,9,,,,
K02000001,United Kingdom,overview,2020-02-22,9,,,,
K02000001,United Kingdom,overview,2020-02-21,9,,,,
K02000001,United Kingdom,overview,2020-02-20,9,,,,
K02000001,United Kingdom,overview,2020-02-19,9,,,,
K02000001,United Kingdom,overview,2020-02-18,9,,,,
K02000001,United Kingdom,overview,2020-02-17,9,,,,
K02000001,United Kingdom,overview,2020-02-16,9,,,,
K02000001,United Kingdom,overview,2020-02-15,9,,,,
K02000001,United Kingdom,overview,2020-02-14,9,,,,
K02000001,United Kingdom,overview,2020-02-13,9,,,,
K02000001,United Kingdom,overview,2020-02-12,8,,,,
K02000001,United Kingdom,overview,2020-02-11,8,,,,
K02000001,United Kingdom,overview,2020-02-10,8,,,,
K02000001,United Kingdom,overview,2020-02-09,4,,,,
K02000001,United Kingdom,overview,2020-02-08,3,,,,
K02000001,United Kingdom,overview,2020-02-07,3,,,,
K02000001,United Kingdom,overview,2020-02-06,3,,,,
K02000001,United Kingdom,overview,2020-02-05,2,,,,
K02000001,United Kingdom,overview,2020-02-04,2,,,,
K02000001,United Kingdom,overview,2020-02-03,2,,,,
K02000001,United Kingdom,overview,2020-02-02,2,,,,
K02000001,United Kingdom,overview,2020-02-01,2,,,,
K02000001,United Kingdom,overview,2020-01-31,2,,,,
